{
"tapacmd": "https://telegra.ph/file/841664f31eb7539c35a2d.mp4",
"matarcmd": "https://telegra.ph/file/1135a19fceefa7074caf8.mp4",
"beijocmd": "https://telegra.ph/file/c9b5ed858237ebc9f7356.mp4",
"chutecmd": "https://telegra.ph/file/d4b2525d2e1aeb33fa626.mp4",
"linklogos": "https://xatimg.com/image/9QZZJmRqNjn4.jpg",
"imgnazista": "https://xatimg.com/image/dQx6tUuoN818.jpg",
"imggay": "https://xatimg.com/image/PeLVRJiKh0Tz.jpg",
"imgcorno": "https://xatimg.com/image/vVHf8EGGeUM9.jpg",
"imggostosa": "https://xatimg.com/image/JBzEJbD8TMFe.jpg",
"imggostoso": "https://xatimg.com/image/q9Ev40TRLj6p.jpg",
"imgfeio": "https://xatimg.com/image/jhEE7sMbLgNV.jpg",
"imggado": "https://xatimg.com/image/XTsppodahdV1.jpg",
"imgvesgo": "https://xatimg.com/image/YCFI5rfRLKiU.jpg",
"imgbebado": "https://xatimg.com/image/c0lUibNoV1Nc.jpg",
"fundo2": "https://xatimg.com/image/hgpecsf54VFE.jpg",
"fundo1": "https://xatimg.com/image/hgpecsf54VFE.jpg",
"rnkgay": "https://xatimg.com/image/cvwrI01fGKb5.jpg",
"rnkgado": "https://xatimg.com/image/WTqUDs2l8TVv.jpg",
"rnkcorno": "https://xatimg.com/image/vPId71H4d6hX.jpg",
"rnkgostoso": "https://xatimg.com/image/C3YQ78QlxcGP.jpg",
"rnkgostosa": "https://xatimg.com/image/bp6SJ6EvKP6a.jpg",
"rnknazista": "https://xatimg.com/image/PsvdUEWxInCc.jpg",
"rnkotaku": "https://xatimg.com/image/H2LgrQmdP41E.jpg", 
"rnkpau": "https://xatimg.com/image/5ATUzl7YOSPb.jpg"
}